,trainnr,s,e,l
0,1,0.0,5.816666666333331,GZU
1,1,5.916666667,6.05,USX
2,1,6.283333333,6.533333333333333,QQX
3,1,6.733333333,6.883333333333334,PFX
4,1,7.616666667000001,7.916666666999999,KSQ
5,1,8.666666666333334,8.866666666666665,PFX
6,1,9.766666667000003,15.283333333666674,KSQ
7,1,16.183333332999993,16.349999999999998,PFX
8,1,17.13333333366667,17.400000000333343,KSQ
9,1,18.14999999966666,18.43333333333333,PFX
10,1,19.166666667,19.650000000000002,KSQ
11,1,19.966666667000002,20.15,UPA
12,1,20.316666667000003,20.833333333666673,OYU
13,1,21.000000000000004,21.083333333,JCU
14,1,22.416666667000005,22.683333333333337,FSL
15,1,23.48333333366667,29.88333333366667,GZU
16,1,30.1,30.383333333333333,PFX
17,1,31.150000000333335,31.45000000033334,KSQ
18,1,32.18333333299999,32.383333333333326,PFX
19,1,33.28333333366667,39.866666667000004,KSQ
20,1,40.649999999666655,40.86666666666666,PFX
21,1,41.616666667,41.88333333366667,KSQ
22,1,42.649999999666655,42.86666666666666,PFX
23,1,43.70000000033333,43.88333333366667,KSQ
24,1,44.633333333,44.89999999999999,PFX
25,1,45.68333333366667,45.883333333666656,KSQ
26,1,46.666666666333334,46.833333333,PFX
27,1,46.95000000033332,52.449999999999996,GZU
28,1,52.64999999966666,54.349999999999994,PFX
29,1,55.18333333366667,55.40000000033332,KSQ
30,1,56.19999999966667,56.416666666666664,PFX
31,1,57.15000000033333,57.383333333666656,KSQ
32,1,58.21666666633334,58.416666666666664,PFX
33,1,59.18333333366667,59.450000000333326,KSQ
34,1,60.21666666633334,60.43333333333333,PFX
35,1,61.116666667,61.41666666699999,KSQ
36,1,62.21666666633334,62.416666666666664,PFX
37,1,63.166666667,63.41666666699999,KSQ
38,1,64.18333333300001,64.39999999999999,PFX
39,1,65.116666667,65.41666666699999,KSQ
40,1,66.21666666633334,66.39999999999999,PFX
41,1,67.116666667,67.38333333366666,KSQ
42,1,68.13333333300001,68.36666666666666,PFX
43,1,69.166666667,69.38333333366666,KSQ
44,1,70.13333333300001,70.38333333333333,PFX
45,1,71.266666667,71.866666667,KSQ
46,1,72.33333333366666,77.866666667,PFK
47,1,78.49999999966667,78.56666666699999,XSG
48,1,78.69999999966667,78.86666666666666,ONU
49,1,79.016666667,79.05,XSG
50,1,80.21666666633334,80.383333333,CWM
51,1,80.58333333299971,80.83333333366666,YVF
52,1,80.983333333,81.06666666699999,CWM
53,1,82.716666667,82.88333333366666,CKM
54,1,83.533333333,84.11666666699999,WOU
55,1,86.44999999966667,86.71666666633332,CWM
56,1,86.833333333,87.05000000033333,YVF
57,1,87.216666667,87.35000000033332,CWM
58,1,88.49999999966667,88.56666666699999,XSG
59,1,88.71666666633334,88.85,ONU
60,1,89.016666667,89.05,XSG
61,1,90.18333333300001,90.383333333,CWM
62,1,90.63333333299971,101.99999999966667,YVF
63,1,102.233333333,105.08333333366667,CWM
64,1,106.78333333366668,110.69999999966666,CKM
65,1,112.44999999966666,112.63333333300001,CWM
66,1,112.833333333,113.016666667,YVF
67,1,113.21666666699998,168.0,CWM
68,2,0.0,7.450000000333333,DZE
69,2,10.90000000033333,11.283333333333333,DBD
70,2,14.666666666333327,14.916666667000008,DZE
71,2,18.500000000333337,19.133333333333333,DBD
72,2,22.60000000033334,22.966666667000002,FSU
73,2,24.033333332999995,31.733333333333334,ESU
74,2,32.66666666633332,32.88333333366667,DZE
75,2,36.50000000033334,36.73333333333333,DBD
76,2,40.13333333299999,40.433333333666674,DZE
77,2,43.88333333366667,44.26666666666667,DBD
78,2,47.48333333366666,48.15000000033333,FSU
79,2,49.11666666666666,53.65000000033332,ESU
80,2,55.90000000033332,56.13333333333333,DBD
81,2,59.666666666333334,59.883333333666656,DZE
82,2,63.45000000033332,63.733333333333334,DBD
83,2,67.26666666633334,78.10000000033332,DZE
84,2,78.35000000033332,78.49999999966667,ULM
85,2,78.69999999966667,78.88333333366666,DZE
86,2,82.36666666699999,82.7,DBD
87,2,86.21666666633334,86.38333333366666,DZE
88,2,89.86666666699999,90.23333333333333,DBD
89,2,93.68333333300001,93.90000000033332,DZE
90,2,94.20000000033332,94.38333333300001,ULM
91,2,94.63333333300001,94.90000000033332,DZE
92,2,95.13333333366666,95.44999999966667,ULM
93,2,95.64999999966668,95.95000000033332,DZE
94,2,96.18333333366665,96.46666666633334,ULM
95,2,96.74999999966667,102.45000000033332,DZE
96,2,105.90000000033334,112.18333333333334,DBD
97,2,115.64999999966668,129.216666667,DZE
98,2,130.4,130.6833333336667,ESU
99,2,132.6166666666667,132.95,CKM
100,2,134.93333333333334,135.616666667,ESU
101,2,137.6166666666667,138.05,CKM
102,2,140.00000000000003,143.98333333300002,ESU
103,2,145.23333333366668,155.81666666666666,QPC
104,2,156.90000000033334,157.20000000033335,KSQ
105,2,158.94999999966666,168.0,HZX
106,3,0.0,6.433333333666666,DZE
107,3,9.833333333666664,16.2,DBD
108,3,19.816666666333326,30.816666667000007,DZE
109,3,34.43333333366667,39.633333333333326,DBD
110,3,43.23333333299999,53.93333333366666,DZE
111,3,57.40000000033332,67.11666666666667,DBD
112,3,70.65000000033332,71.06666666699999,FSU
113,3,72.09999999966666,79.7,ESU
114,3,80.71666666633334,80.86666666699999,DZE
115,3,84.50000000033332,84.63333333333334,DBD
116,3,88.14999999966668,88.38333333366666,DZE
117,3,91.81666666699999,92.13333333333334,DBD
118,3,95.61666666699999,96.08333333366666,FSU
119,3,97.14999999966666,101.76666666633334,ESU
120,3,103.19999999966667,103.266666667,XSG
121,3,103.44999999966666,103.65,ONU
122,3,103.81666666699999,103.93333333333332,XSG
123,3,105.95000000033333,106.11666666666667,QZI
124,3,108.19999999966667,108.266666667,XSG
125,3,108.44999999966667,108.61666666666667,ONU
126,3,108.71666666700001,108.85000000000001,XSG
127,3,111.00000000033333,111.18333333333334,QZI
128,3,113.13333333300001,113.266666667,XSG
129,3,113.44999999966667,113.68333333333334,ONU
130,3,113.816666667,113.86666666666667,XSG
131,3,115.966666667,116.11666666666667,QZI
132,3,118.14999999966668,118.266666667,XSG
133,3,118.38333333300001,118.63333333333334,ONU
134,3,118.816666667,118.86666666666667,XSG
135,3,119.33333333366666,127.85000000033334,PFK
136,3,128.14999999966668,128.31666666666666,XSG
137,3,129.41666666633333,129.66666666666669,FSL
138,3,131.68333333333334,131.95000000000002,VTR
139,3,133.85000000033335,134.03333333300003,FSL
140,3,136.23333333333335,136.43333333333334,VTR
141,3,138.4333333336667,138.76666666666668,FSL
142,3,140.61666666666667,140.766666667,VTR
143,3,140.9499999996667,168.0,NYX
144,4,0.0,7.366666667,DZE
145,4,10.95000000033333,14.633333333333333,DBD
146,4,18.26666666633333,18.80000000033334,DZE
147,4,19.933333333333337,29.650000000333343,ESU
148,4,31.816666667000003,32.21666666666666,DBD
149,4,35.649999999666655,35.933333333666674,DZE
150,4,39.316666667,39.633333333333326,DBD
151,4,43.16666666633332,53.80000000033332,DZE
152,4,57.43333333366665,57.75,DBD
153,4,61.21666666633334,61.36666666699999,DZE
154,4,64.95000000033332,65.10000000000001,DBD
155,4,68.66666666633334,68.95000000033332,DZE
156,4,69.18333333366665,70.68333333333332,ULM
157,4,71.03333333333333,79.58333333366666,FSU
158,4,82.51666666666667,83.53333333333333,CKM
159,4,85.366666667,85.51666666666667,ESU
160,4,86.5,87.03333333366666,FSU
161,4,87.983333333,88.16666666699999,ESU
162,4,90.15000000033332,103.29999999966667,CKM
163,4,104.99999999966666,105.13333333300001,CWM
164,4,105.333333333,105.516666667,YVF
165,4,105.71666666699998,109.48333333366668,CWM
166,4,111.99999999966667,112.60000000033332,WOU
167,4,114.99999999966666,115.13333333300001,CWM
168,4,115.333333333,115.516666667,YVF
169,4,115.71666666699998,115.88333333366667,CWM
170,4,116.99999999966666,117.066666667,XSG
171,4,117.24999999966666,117.31666666666666,ONU
172,4,117.50000000033333,117.58333333333333,XSG
173,4,118.73333333299999,118.88333333300001,CWM
174,4,119.14999999966666,151.70000000033335,YVF
175,4,151.933333333,152.13333333366668,CWM
176,4,154.433333333,155.20000000033335,WOU
177,4,157.49999999966667,157.63333333300002,CWM
178,4,157.833333333,158.016666667,YVF
179,4,158.216666667,158.35000000033335,CWM
180,4,159.49999999966667,159.56666666700002,XSG
181,4,159.6999999996667,159.85,ONU
182,4,160.016666667,160.0666666666667,XSG
183,4,161.233333333,161.38333333300002,CWM
184,4,161.5833333329997,161.766666667,YVF
185,4,161.933333333,162.11666666700003,CWM
186,4,164.46666666633334,165.03333333366666,WOU
187,4,167.53333333333333,167.63333333300002,CWM
188,4,167.8499999996667,168.0,YVF
189,5,0.0,6.199999999999998,CKM
190,5,6.333333333666667,6.6166666670000005,HJO
191,5,9.016666666666666,14.133333333666672,ESU
192,5,16.349999999666665,16.60000000033334,HJO
193,5,18.933333333333334,19.083333333333336,ESU
194,5,20.116666666666667,30.550000000333338,FSU
195,5,33.533333333333324,33.96666666666667,CKM
196,5,35.86666666666666,36.05,ESU
197,5,37.0,37.650000000333335,FSU
198,5,38.48333333299972,38.716666667,ESU
199,5,40.94999999966666,41.10000000033333,HJO
200,5,43.45000000033333,43.516666666666666,ESU
201,5,44.48333333333333,45.15000000033333,FSU
202,5,48.41666666699999,54.233333333333334,DBD
203,5,57.68333333300001,57.90000000033332,DZE
204,5,61.41666666699999,61.650000000000006,DBD
205,5,65.16666666633334,65.40000000033332,DZE
206,5,66.31666666666666,78.20000000033332,ESU
207,5,80.40000000033332,80.60000000000001,DBD
208,5,84.21666666633334,88.40000000033332,DZE
209,5,91.93333333366665,94.21666666666667,DBD
210,5,96.58333333333333,113.066666667,ESU
211,5,115.06666666699999,115.18333333333332,CKM
212,5,115.78333333333332,168.0,WOU
213,6,0.4166666670000005,0.5833333336666686,JZO
214,6,0.7833333336666658,5.733333333333332,PFK
215,6,5.866666666666665,6.116666667000001,DIR
216,6,6.3,6.433333333666667,WCY
217,6,6.583333333,6.733333333,PFK
218,6,7.416666666666665,7.616666666666668,DTV
219,6,8.266666667,8.433333333666665,PFK
220,6,8.633333333333333,8.8,WCY
221,6,8.899999999666667,9.166666667000001,DIR
222,6,9.3,9.500000000333332,WCY
223,6,9.683333333000004,9.766666666333334,PFK
224,6,10.45,10.583333333333336,DTV
225,6,11.333333333666667,11.483333333666664,PFK
226,6,11.666666666666666,11.8,WCY
227,6,11.933333333000007,12.200000000333327,DIR
228,6,12.3,12.45000000033333,WCY
229,6,12.583333332999997,12.766666666333327,PFK
230,6,13.35,13.733333333333336,DTV
231,6,14.283333333666674,14.466666667000005,PFK
232,6,14.6,14.8,WCY
233,6,14.916666666333333,15.116666667000002,DIR
234,6,15.3,15.500000000333339,WCY
235,6,15.683333332999997,15.733333332999994,PFK
236,6,16.416666666666664,16.56666666666667,DTV
237,6,17.333333333666673,17.43333333366667,PFK
238,6,17.599999999999998,17.8,WCY
239,6,17.916666666333334,18.116666667,DIR
240,6,18.3,18.466666667000005,WCY
241,6,18.583333332999995,18.76666666633333,PFK
242,6,19.44999999966666,19.700000000000003,DTV
243,6,20.333333333666673,20.783333332999995,PFK
244,6,21.39999999966666,21.666666667000005,DTV
245,6,22.400000000333343,22.816666666333326,PFK
246,6,23.39999999966666,23.650000000000002,DTV
247,6,24.30000000033334,29.54999999966639,PFK
248,6,29.95,30.166666666666668,DTV
249,6,30.783333333666675,30.95000000033334,PFK
250,6,31.183333333333334,31.3,WCY
251,6,31.416666666333334,31.683333333666667,DIR
252,6,31.8,31.93333333366667,WCY
253,6,32.11666666633332,32.28333333299999,PFK
254,6,32.98333333333333,33.21666666666667,DTV
255,6,33.78333333366667,33.95000000033333,PFK
256,6,34.133333333333326,34.3,WCY
257,6,34.383333332999996,34.65000000033333,DIR
258,6,34.8,34.916666667,WCY
259,6,35.08333333299999,35.23333333299999,PFK
260,6,36.03333333333333,36.18333333333333,DTV
261,6,36.83333333366667,36.93333333366667,PFK
262,6,37.166666666666664,37.3,WCY
263,6,37.43333333299999,37.63333333366666,DIR
264,6,37.8,37.966666667,WCY
265,6,38.08333333299999,38.316666666333326,PFK
266,6,39.016666666666666,39.15,DTV
267,6,39.85000000033334,39.966666667,PFK
268,6,40.16666666666667,40.3,WCY
269,6,40.43333333299999,40.68333333366667,DIR
270,6,40.8,40.95000000033333,WCY
271,6,41.16666666633333,41.249999999666656,PFK
272,6,41.86666666666667,42.18333333333332,DTV
273,6,42.78333333366667,43.00000000033334,PFK
274,6,43.2,43.3,WCY
275,6,43.46666666633333,43.70000000033333,DIR
276,6,43.8,43.93333333366667,WCY
277,6,44.133333332999996,44.26666666633332,PFK
278,6,44.883333333,45.16666666666666,DTV
279,6,45.76666666699999,46.14999999966667,PFK
280,6,46.96666666633334,47.23333333333333,DTV
281,6,47.83333333366666,48.233333333000004,PFK
282,6,48.566666666666656,48.783333333,YBQ
283,6,48.99999999966666,53.71666666666666,PFK
284,6,54.233333333000004,54.46666666633334,GLV
285,6,55.36666666633333,55.600000000333324,KSQ
286,6,55.899999999666676,55.983333333000004,VZD
287,6,56.04999999966667,56.233333333333334,ONU
288,6,56.31666666699999,56.40000000033332,VZD
289,6,57.316666666999986,57.69999999966667,KVJ
290,6,58.63333333366666,58.766666666999996,VZD
291,6,58.81666666699999,58.95,ONU
292,6,59.016666666999996,59.14999999966666,VZD
293,6,59.483333333666664,59.733333333666664,KSQ
294,6,60.566666666999986,60.899999999666676,GLV
295,6,61.816666666333326,62.100000000333324,KSQ
296,6,62.399999999666676,62.483333333000004,VZD
297,6,62.56666666633333,62.666666666666664,ONU
298,6,62.81666666699999,62.86666666699999,VZD
299,6,63.883333333666656,64.13333333300001,KVJ
300,6,65.15000000033334,65.266666667,VZD
301,6,65.31666666699999,65.45,ONU
302,6,65.516666667,65.64999999966666,VZD
303,6,65.916666667,66.20000000033333,KSQ
304,6,67.16666666699999,67.34999999966668,GLV
305,6,68.333333333,68.60000000033332,KSQ
306,6,68.89999999966668,68.983333333,VZD
307,6,69.11666666633333,69.16666666666667,ONU
308,6,69.31666666699999,69.38333333366666,VZD
309,6,70.45000000033332,70.58333333300001,KVJ
310,6,71.616666667,71.766666667,VZD
311,6,71.81666666699999,71.95,ONU
312,6,72.016666667,72.16666666633333,VZD
313,6,72.43333333366667,72.65000000033334,KSQ
314,6,73.55,73.86666666666666,CZZ
315,6,73.95,77.93333333300001,UIG
316,6,78.033333333,78.133333333,CZZ
317,6,78.233333333,78.39999999966668,GLV
318,6,79.31666666633333,79.65000000033332,KSQ
319,6,79.84999999966668,79.983333333,VZD
320,6,80.033333333,80.21666666666667,ONU
321,6,80.31666666699999,80.43333333366665,VZD
322,6,81.35000000033332,81.74999999966667,KVJ
323,6,82.70000000033333,82.766666667,VZD
324,6,82.81666666699999,82.95,ONU
325,6,83.016666667,83.19999999966666,VZD
326,6,83.516666667,83.70000000033333,KSQ
327,6,84.75000000033332,84.94999999966667,GLV
328,6,85.79999999966667,86.10000000033332,KSQ
329,6,86.41666666633334,86.483333333,VZD
330,6,86.59999999966666,86.73333333333333,ONU
331,6,86.81666666699999,86.88333333366666,VZD
332,6,87.81666666699999,88.26666666633334,KVJ
333,6,89.18333333366667,89.266666667,VZD
334,6,89.31666666699999,89.45,ONU
335,6,89.516666667,89.71666666633332,VZD
336,6,90.016666667,90.30000000033333,KSQ
337,6,91.25000000033332,91.46666666633334,GLV
338,6,92.29999999966667,92.63333333366666,KSQ
339,6,92.89999999966668,92.983333333,VZD
340,6,93.09999999966666,93.15,ONU
341,6,93.31666666699999,93.45000000033332,VZD
342,6,94.46666666699998,94.76666666633334,KVJ
343,6,95.70000000033333,95.766666667,VZD
344,6,95.81666666699999,95.95,ONU
345,6,96.016666667,96.21666666633332,VZD
346,6,96.58333333366666,96.666666667,KSQ
347,6,97.43333333300001,97.7,CZZ
348,6,97.75,101.2,UIG
349,6,101.36666666666666,101.63333333366666,CZZ
350,6,102.31666666633333,102.56666666699999,KSQ
351,6,102.88333333300001,102.983333333,VZD
352,6,103.083333333,103.21666666666667,ONU
353,6,103.31666666699999,103.36666666699999,VZD
354,6,104.48333333366666,104.583333333,KVJ
355,6,105.70000000033332,105.766666667,VZD
356,6,105.816666667,105.95,ONU
357,6,106.016666667,106.19999999966667,VZD
358,6,106.50000000033333,106.73333333366665,KSQ
359,6,107.68333333366667,107.89999999966666,GLV
360,6,108.78333333300002,109.116666667,KSQ
361,6,109.333333333,109.483333333,VZD
362,6,109.61666666633332,109.71666666666665,ONU
363,6,109.816666667,109.93333333366665,VZD
364,6,110.83333333366667,111.24999999966666,KVJ
365,6,112.18333333366665,112.266666667,VZD
366,6,112.316666667,112.45,ONU
367,6,112.516666667,112.63333333300001,VZD
368,6,113.00000000033333,113.30000000033331,KSQ
369,6,114.18333333366667,114.39999999966666,GLV
370,6,115.28333333300002,115.60000000033334,KSQ
371,6,115.84999999966666,115.983333333,VZD
372,6,116.11666666633332,116.16666666666666,ONU
373,6,116.316666667,116.38333333366666,VZD
374,6,117.50000000033333,117.74999999966666,KVJ
375,6,118.66666666699999,118.766666667,VZD
376,6,118.816666667,118.95,ONU
377,6,119.016666667,119.18333333300001,VZD
378,6,119.466666667,119.71666666699998,KSQ
379,6,120.48333333299999,120.68333333333334,CZZ
380,6,121.29999999966667,121.55,KSQ
381,6,121.83333333299998,124.73333333333332,ENY
382,6,124.96666666633334,126.01666666700001,KSQ
383,6,126.333333333,126.483333333,VZD
384,6,126.59999999966665,126.66666666666666,ONU
385,6,126.816666667,126.90000000033332,VZD
386,6,127.88333333366667,128.24999999966667,KVJ
387,6,129.20000000033332,129.266666667,VZD
388,6,129.31666666700002,129.45000000000002,ONU
389,6,129.516666667,129.71666666633337,VZD
390,6,129.95000000033335,130.28333333366666,KSQ
391,6,131.21666666700003,131.36666666633334,GLV
392,6,132.28333333300003,132.61666666700003,KSQ
393,6,132.833333333,132.98333333300002,VZD
394,6,133.083333333,133.18333333333334,ONU
395,6,133.31666666700002,133.45000000033335,VZD
396,6,134.33333333366667,134.76666666633335,KVJ
397,6,135.63333333366666,135.766666667,VZD
398,6,135.81666666700002,135.95000000000002,ONU
399,6,136.016666667,136.21666666633337,VZD
400,6,136.466666667,136.75000000033333,KSQ
401,6,137.75000000033336,137.96666666633334,GLV
402,6,138.81666666633336,139.11666666700003,KSQ
403,6,139.383333333,139.48333333300002,VZD
404,6,139.583333333,139.65,ONU
405,6,139.81666666700002,139.93333333366667,VZD
406,6,140.866666667,141.14999999966668,KVJ
407,6,142.116666667,142.266666667,VZD
408,6,142.31666666700002,142.45000000000002,ONU
409,6,142.516666667,142.68333333300004,VZD
410,6,142.91666666700002,143.25000000033333,KSQ
411,6,143.983333333,144.10000000000002,CZZ
412,6,144.15,149.86666666666667,UIG
413,6,150.00000000000003,150.5333333336667,CZZ
414,6,151.333333333,151.5833333336667,KSQ
415,6,151.84999999966666,151.98333333300002,VZD
416,6,152.033333333,152.21666666666667,ONU
417,6,152.31666666700002,152.366666667,VZD
418,6,153.35000000033335,153.76666666633335,KVJ
419,6,154.68333333366667,154.766666667,VZD
420,6,154.81666666700002,154.95000000000002,ONU
421,6,155.016666667,155.16666666633336,VZD
422,6,155.45000000033335,155.73333333366668,KSQ
423,6,156.71666666700003,156.99999999966667,GLV
424,6,157.8499999996667,158.10000000033335,KSQ
425,6,158.333333333,158.48333333300002,VZD
426,6,158.61666666633334,158.68333333333334,ONU
427,6,158.81666666700002,158.88333333366668,VZD
428,6,159.9333333336667,160.1999999996667,KVJ
429,6,161.166666667,161.266666667,VZD
430,6,161.31666666700002,161.45000000000002,ONU
431,6,161.516666667,161.63333333300002,VZD
432,6,161.93333333366667,162.216666667,KSQ
433,6,163.1833333336667,163.49999999966667,GLV
434,6,164.333333333,164.61666666700003,KSQ
435,6,164.86666666633334,164.98333333300002,VZD
436,6,165.11666666633334,165.16666666666666,ONU
437,6,165.31666666700002,165.41666666700002,VZD
438,6,166.40000000033334,166.683333333,KVJ
439,6,167.65000000033334,167.766666667,VZD
440,6,167.81666666700002,167.95000000000002,ONU
441,6,167.966666667,168.0,VZD
442,7,0.0,5.099999999999999,MBC
443,7,5.266666667000002,5.400000000333333,ISO
444,7,6.550000000000002,6.916666666333333,QQX
445,7,8.216666666333333,8.45,ISO
446,7,9.566666666666668,9.883333333000003,QQX
447,7,11.133333333333335,11.183333333000004,ISO
448,7,11.216666666999995,11.400000000000002,LVQ
449,7,11.433333333000004,11.45,ISO
450,7,12.733333333333336,12.899999999666663,QQX
451,7,14.083333333333336,14.183333332999997,ISO
452,7,14.216666667000002,14.400000000000002,LVQ
453,7,14.433333332999997,14.483333333333333,ISO
454,7,15.566666666666668,15.933333332999997,QQX
455,7,17.1,17.183333332999997,ISO
456,7,17.216666667000002,17.400000000000002,LVQ
457,7,17.433333332999997,17.516666666666666,ISO
458,7,18.56666666666667,18.91666666633333,QQX
459,7,20.150000000000002,20.333333333666673,ISO
460,7,21.283333332999998,21.400000000000002,VZD
461,7,21.46666666633333,29.849999999999998,ONU
462,7,30.016666667000006,30.133333333,VZD
463,7,30.50000000033334,30.750000000333337,KSQ
464,7,31.73333333366667,31.86666666633333,GLV
465,7,32.79999999966666,33.10000000033333,KSQ
466,7,33.383333332999996,33.48333333299999,VZD
467,7,33.599999999666665,33.68333333333333,ONU
468,7,33.816666667,33.88333333366667,VZD
469,7,34.900000000333335,35.18333333299999,KVJ
470,7,36.116666667,36.266666667,VZD
471,7,36.316666667,36.449999999999996,ONU
472,7,36.516666667,36.733333333333334,VZD
473,7,36.966666667000005,37.28333333366667,KSQ
474,7,38.20000000033333,38.383333332999996,GLV
475,7,39.36666666633333,39.566666667,KSQ
476,7,39.83333333299999,39.98333333299999,VZD
477,7,40.11666666633333,40.2,ONU
478,7,40.31666666700001,40.416666667,VZD
479,7,41.466666667,41.61666666633332,KVJ
480,7,42.70000000033333,42.766666666999996,VZD
481,7,42.81666666700001,42.95,ONU
482,7,43.016666666999996,43.16666666633333,VZD
483,7,43.53333333366666,43.616666667,KSQ
484,7,44.70000000033332,44.86666666633334,GLV
485,7,45.79999999966666,46.11666666699999,KSQ
486,7,46.38333333300001,46.483333333000004,VZD
487,7,46.56666666633333,46.68333333333333,ONU
488,7,46.81666666699999,46.90000000033332,VZD
489,7,47.883333333666656,48.26666666633334,KVJ
490,7,49.20000000033333,49.266666666999996,VZD
491,7,49.40000000033333,53.349999999666665,ONU
492,7,54.099999999999994,54.416666666666664,QMR
493,7,56.06666666699999,56.43333333366667,QPC
494,7,58.2,58.416666666666664,QMR
495,7,60.18333333366666,60.466666667,QPC
496,7,62.15,62.36666666666666,QMR
497,7,64.18333333366665,64.40000000033334,QPC
498,7,66.15,66.36666666666666,QMR
499,7,68.15000000033332,68.48333333366666,QPC
500,7,70.21666666666667,70.36666666666666,QMR
501,7,72.13333333366666,77.45000000033333,QPC
502,7,79.2,79.39999999999999,QMR
503,7,81.05000000033333,81.50000000033333,QPC
504,7,83.16666666666667,83.36666666666666,QMR
505,7,85.03333333366666,85.40000000033334,QPC
506,7,87.18333333333334,87.41666666666666,QMR
507,7,89.03333333366666,89.45000000033333,QPC
508,7,91.16666666666667,91.38333333333333,QMR
509,7,93.08333333366666,102.016666667,QPC
510,7,103.66666666666667,103.85,QMR
511,7,105.70000000033332,105.96666666699998,QPC
512,7,107.69999999999999,107.9,QMR
513,7,109.70000000033332,110.00000000033332,QPC
514,7,111.66666666666666,111.9,QMR
515,7,113.58333333366666,113.95000000033332,QPC
516,7,115.64999999999999,115.9,QMR
517,7,117.58333333366666,118.01666666699998,QPC
518,7,119.68333333333332,119.86666666666667,QMR
519,7,120.31666666633333,120.58333333366666,KSQ
520,7,121.26666666633334,167.29999999966668,PFK
521,7,167.89999999966668,168.0,DTV
522,8,0.24999999999999928,0.3500000000000007,QMR
523,8,0.533333333000001,4.9833333336666685,CKM
524,8,7.066666667,7.466666667000001,QPC
525,8,9.200000000000003,9.433333333333332,QMR
526,8,11.133333333666668,11.466666666999995,QPC
527,8,13.183333333333337,13.349999999999998,QMR
528,8,15.050000000333341,15.366666667000002,QPC
529,8,17.200000000000003,17.43333333333333,QMR
530,8,19.133333333666673,19.516666667000003,QPC
531,8,21.200000000000003,21.349999999999998,QMR
532,8,23.033333333666675,23.466666667000002,QPC
533,8,24.76666666633333,25.01666666666667,KSQ
534,8,25.733333333666668,29.683333332999993,PFK
535,8,30.383333332999992,30.666666666666668,DTV
536,8,31.283333333666675,31.43333333366667,PFK
537,8,31.666666666666664,31.8,WCY
538,8,31.96666666633333,32.116666667,DIR
539,8,32.3,32.50000000033334,WCY
540,8,32.68333333299999,32.816666666333326,PFK
541,8,33.516666666666666,33.666666666666664,DTV
542,8,34.266666667,34.48333333366667,PFK
543,8,34.599999999999994,34.8,WCY
544,8,34.883333332999996,35.13333333366666,DIR
545,8,35.3,35.43333333366667,WCY
546,8,35.64999999966666,35.73333333299999,PFK
547,8,36.516666666666666,36.733333333333334,DTV
548,8,37.300000000333334,37.43333333366667,PFK
549,8,37.68333333333333,37.8,WCY
550,8,37.91666666633333,38.18333333366667,DIR
551,8,38.3,38.50000000033334,WCY
552,8,38.68333333299999,38.78333333299999,PFK
553,8,39.53333333333333,39.56666666666666,DTV
554,8,40.266666667,40.416666667,PFK
555,8,40.63333333333333,40.8,WCY
556,8,40.949999999666666,41.18333333366667,DIR
557,8,41.3,41.43333333366667,WCY
558,8,41.633333332999996,41.76666666633332,PFK
559,8,42.36666666666667,42.71666666666666,DTV
560,8,43.266666667,43.416666667,PFK
561,8,43.66666666666667,43.80000000033333,WCY
562,8,44.23333333299999,44.383333332999996,WZN
563,8,44.483333333333334,126.31666666633335,XZZ
564,8,126.53333333333333,126.74999999966667,PFX
565,8,127.83333333300001,127.99999999966666,PFK
566,8,128.55,128.95000000033335,OOK
567,8,129.58333333366667,129.70000000000002,PFK
568,8,130.866666667,131.31666666633336,PFX
569,8,132.36666666633334,132.46666666633334,PFK
570,8,133.06666666700002,133.31666666700002,OOK
571,8,134.08333333366667,134.25000000000003,PFK
572,8,135.43333333366667,135.79999999966668,PFX
573,8,136.833333333,136.933333333,PFK
574,8,137.63333333366668,137.866666667,OOK
575,8,138.65000000033334,138.75000000000003,PFK
576,8,139.85000000033332,140.183333333,PFX
577,8,141.333333333,141.433333333,PFK
578,8,142.18333333333337,142.48333333333332,OOK
579,8,143.15000000033334,143.25000000000003,PFK
580,8,144.35000000033332,145.08333333333334,PFX
581,8,145.23333333300002,148.04999999966668,GZU
582,8,148.216666667,148.35000000000002,PFX
583,8,148.51666666633304,148.78333333333336,NUR
584,8,149.01666666666668,149.46666666666667,PFX
585,8,149.69999999966666,149.95000000000002,NUR
586,8,150.16666666666669,150.66666666666669,PFX
587,8,151.76666666666668,151.9499999996667,KSQ
588,8,153.4666666666667,153.616666667,CYM
589,8,155.10000000033335,155.26666666633335,KSQ
590,8,156.34999999966666,156.75000000000003,PFX
591,8,157.8,157.99999999966667,KSQ
592,8,159.38333333333335,159.616666667,CYM
593,8,161.116666667,161.28333333300003,KSQ
594,8,162.49999999966667,162.60000000000002,PFX
595,8,163.8166666666667,163.9499999996667,KSQ
596,8,165.45000000000002,165.56666666700002,CYM
597,8,167.08333333366667,167.23333333300002,KSQ
598,9,0.0,5.333333333,NYX
599,9,5.866666666666668,5.933333333666667,GAA
600,9,6.683333332999999,6.816666667000001,PFK
601,9,7.766666666333332,7.816666667000001,GAA
602,9,8.566666666333333,8.916666666999998,PFK
603,9,9.699999999666671,10.000000000333332,GAA
604,9,10.616666666333339,11.000000000333332,PFK
605,9,11.59999999966667,11.833333333666664,GAA
606,9,12.566666666333333,12.900000000333337,PFK
607,9,13.633333332999996,13.850000000333338,GAA
608,9,14.699999999666666,14.950000000333338,PFK
609,9,15.76666666633333,15.933333333666672,GAA
610,9,16.533333332999998,16.88333333366667,PFK
611,9,17.749999999666663,18.000000000333337,GAA
612,9,18.633333333,18.90000000033334,PFK
613,9,19.66666666633333,19.93333333366667,GAA
614,9,20.549999999666667,20.783333332999998,PFK
615,9,21.066666667000003,21.283333333666675,ZLX
616,9,21.61666666633333,21.783333332999998,PFK
617,9,22.15000000033334,22.366666667000008,ZLX
618,9,22.583333332999995,22.849999999666665,PFK
619,9,23.116666667000004,23.366666667000008,ZLX
620,9,23.61666666633333,23.816666666333333,PFK
621,9,24.683333332999997,24.81666666666667,GAA
622,9,25.116666667,25.40000000033334,VTR
623,9,25.583333333,29.383333332999996,NYX
624,9,29.833333333333336,29.98333333366667,GAA
625,9,30.699999999666662,30.866666667000004,PFK
626,9,31.66666666633333,31.90000000033334,GAA
627,9,32.71666666633333,32.93333333366667,PFK
628,9,33.58333333299999,33.98333333366667,GAA
629,9,34.633333332999996,34.866666667000004,PFK
630,9,35.74999999966666,35.916666667,GAA
631,9,36.533333332999995,36.916666667,PFK
632,9,37.58333333299999,37.93333333366667,GAA
633,9,38.54999999966666,38.816666667,PFK
634,9,39.64999999966666,39.866666667000004,GAA
635,9,40.71666666633333,40.833333333666666,PFK
636,9,41.73333333299999,41.900000000333335,GAA
637,9,42.61666666633333,42.88333333366667,PFK
638,9,43.66666666633333,43.966666667,GAA
639,9,44.533333332999995,44.81666666633333,PFK
640,9,45.25000000033332,45.450000000333326,ZLX
641,9,45.66666666633334,45.81666666633333,PFK
642,9,46.133333333666656,46.33333333366666,ZLX
643,9,46.583333333000006,46.86666666633334,PFK
644,9,47.216666666999984,47.43333333366666,ZLX
645,9,47.583333333000006,47.783333333,PFK
646,9,48.63333333300001,48.816666666666656,GAA
647,9,49.166666667,49.283333333,VTR
648,9,49.48333333333333,52.900000000000006,NYX
649,9,53.05,53.266666666999996,VTR
650,9,54.10000000033332,54.283333333,KSQ
651,9,55.44999999966667,55.63333333333333,PFX
652,9,56.8,56.94999999966667,KSQ
653,9,58.35,58.75000000033332,CYM
654,9,60.10000000033332,60.31666666633334,KSQ
655,9,61.36666666633334,61.75,PFX
656,9,62.76666666666666,62.96666666633334,KSQ
657,9,64.43333333333334,64.68333333366665,CYM
658,9,66.10000000033332,66.29999999966667,KSQ
659,9,67.34999999966668,67.73333333333333,PFX
660,9,68.76666666666667,68.983333333,KSQ
661,9,70.38333333333334,70.61666666699999,CYM
662,9,72.11666666699999,72.233333333,KSQ
663,9,73.21666666633334,73.383333333,PFX
664,9,73.466666667,77.43333333300001,GZU
665,9,77.56666666699999,77.76666666666667,PFX
666,9,78.81666666666666,78.96666666633334,KSQ
667,9,80.38333333333334,80.66666666699999,CYM
668,9,82.06666666699999,82.233333333,KSQ
669,9,83.39999999966668,83.75,PFX
670,9,84.75,84.94999999966667,KSQ
671,9,86.36666666666667,86.66666666699999,CYM
672,9,88.11666666699999,88.31666666633333,KSQ
673,9,89.44999999966667,89.63333333333334,PFX
674,9,90.76666666666667,90.94999999966667,KSQ
675,9,92.45,92.68333333366665,CYM
676,9,94.13333333366666,94.31666666633333,KSQ
677,9,95.38333333300001,95.63333333333333,PFX
678,9,95.79999999966667,101.46666666633334,GZU
679,9,101.56666666699999,102.16666666666667,PFX
680,9,103.28333333333333,103.46666666633334,KSQ
681,9,105.0,105.13333333366667,CYM
682,9,106.60000000033334,106.78333333333332,KSQ
683,9,108.01666666633332,108.16666666666667,PFX
684,9,109.26666666666668,109.48333333299999,KSQ
685,9,110.9,111.10000000033334,CYM
686,9,112.58333333366667,112.76666666666665,KSQ
687,9,113.86666666633333,114.16666666666667,PFX
688,9,115.31666666666668,115.44999999966666,KSQ
689,9,116.93333333333334,117.08333333366667,CYM
690,9,118.616666667,118.78333333333332,KSQ
691,9,119.84999999966666,120.03333333299999,PFX
692,9,120.18333333366665,126.93333333366665,GZU
693,9,127.05,127.24999999966667,PFX
694,9,128.36666666633334,128.433333333,PFK
695,9,129.16666666666669,129.4333333336667,OOK
696,9,130.06666666700002,130.20000000000002,PFK
697,9,131.266666667,131.7499999996667,PFX
698,9,132.79999999966668,132.98333333300002,PFK
699,9,133.65000000033334,133.81666666700002,OOK
700,9,134.60000000033335,134.7166666666667,PFK
701,9,135.78333333366666,136.13333333300002,PFX
702,9,137.29999999966668,137.49999999966667,PFK
703,9,138.21666666700003,138.366666667,OOK
704,9,139.06666666700002,139.23333333333335,PFK
705,9,140.40000000033334,140.66666666633336,PFX
706,9,141.833333333,141.99999999966667,PFK
707,9,142.5666666666667,143.06666666666666,OOK
708,9,143.56666666700002,143.70000000000002,PFK
709,9,144.93333333366667,145.0666666666667,PFX
710,9,145.26666666633335,159.41666666666669,GZU
711,9,159.533333333,159.73333333333335,PFX
712,9,160.76666666666668,160.933333333,KSQ
713,9,162.43333333333334,162.65000000033334,CYM
714,9,164.08333333366667,164.23333333300002,KSQ
715,9,165.383333333,165.66666666666669,PFX
716,9,166.75000000000003,166.933333333,KSQ
717,10,0.2166666670000012,0.2666666670000019,VZD
718,10,0.31666666699999907,0.44999999999999857,ONU
719,10,0.516666667000002,0.6999999996666655,VZD
720,10,1.0000000003333351,1.1833333329999995,KSQ
721,10,1.4000000003333324,5.483333333000001,ENY
722,10,6.083333333,6.400000000333334,GAA
723,10,7.133333332999999,7.483333333666667,PFK
724,10,8.166666666333336,8.350000000333331,GAA
725,10,9.183333333,15.383333333666672,PFK
726,10,16.099999999666665,16.366666667000004,GAA
727,10,17.033333332999998,17.43333333366667,PFK
728,10,18.21666666633333,18.43333333366667,GAA
729,10,19.049999999666667,19.416666667000005,PFK
730,10,20.099999999666665,20.416666667000005,GAA
731,10,21.16666666633333,21.349999999666665,PFK
732,10,22.11666666633333,22.48333333366667,GAA
733,10,23.14999999966666,23.283333332999998,PFK
734,10,24.16666666633333,24.216666666666665,GAA
735,10,24.599999999999998,30.050000000333334,NYX
736,10,30.316666666333333,30.466666667000005,GAA
737,10,31.099999999666665,31.48333333366667,PFK
738,10,32.14999999966666,32.416666667,GAA
739,10,33.033333332999995,33.38333333366667,PFK
740,10,34.26666666633333,34.466666667,GAA
741,10,35.11666666633333,35.416666667,PFK
742,10,36.18333333299999,36.316666667,GAA
743,10,37.11666666633333,37.48333333366667,PFK
744,10,38.133333332999996,38.416666667,GAA
745,10,39.21666666633333,39.416666667,PFK
746,10,40.133333332999996,40.316666667,GAA
747,10,41.133333332999996,41.35000000033333,PFK
748,10,42.18333333299999,42.333333333666666,GAA
749,10,43.04999999966666,46.283333333,PFK
750,10,47.233333333000004,47.40000000033332,GAA
751,10,48.13333333300001,48.29999999966667,PFK
752,10,48.60000000033332,48.76666666699999,ZLX
753,10,49.083333333000006,53.28333333333333,PFK
754,10,54.33333333366665,54.45,VZD
755,10,54.466666667,54.583333332999715,RNS
756,10,54.61666666699999,54.73333333333333,VZD
757,10,55.86666666699999,56.13333333366666,PFK
758,10,57.383333333666656,57.45,VZD
759,10,57.466666667,57.583333332999715,RNS
760,10,57.61666666699999,57.71666666666666,VZD
761,10,58.850000000333324,59.300000000333334,PFK
762,10,60.383333333666656,60.45,VZD
763,10,60.466666667,60.583333332999715,RNS
764,10,60.61666666699999,60.66666666666666,VZD
765,10,61.80000000033332,62.20000000033333,PFK
766,10,63.35000000033332,63.45,VZD
767,10,63.466666667,63.583333332999715,RNS
768,10,63.61666666699999,63.66666666666666,VZD
769,10,64.90000000033332,65.15000000033334,PFK
770,10,66.31666666699999,66.45,VZD
771,10,66.466666667,66.58333333299971,RNS
772,10,66.61666666699999,66.64999999999999,VZD
773,10,67.86666666699999,77.34999999966666,PFK
774,10,78.0,78.23333333366666,KSQ
775,10,78.66666666666667,78.85,QMR
776,10,80.63333333366666,80.95000000033333,QPC
777,10,82.65,82.91666666666666,QMR
778,10,84.68333333366665,84.966666667,QPC
779,10,86.65,86.93333333333332,QMR
780,10,88.66666666699999,89.05000000033333,QPC
781,10,90.66666666666667,90.93333333333332,QMR
782,10,92.56666666699999,93.016666667,QPC
783,10,94.7,94.91666666666666,QMR
784,10,96.56666666699999,101.64999999966666,QPC
785,10,102.01666666633334,102.483333333,JZO
786,10,102.833333333,103.116666667,QPC
787,10,103.66666666699999,103.96666666633334,JZO
788,10,104.31666666633335,104.7,QPC
789,10,105.15000000033334,105.34999999966666,JZO
790,10,105.81666666633335,111.16666666699999,QPC
791,10,111.75000000033333,111.883333333,JZO
792,10,112.28333333300002,112.73333333333333,QPC
793,10,113.23333333366666,113.333333333,JZO
794,10,113.94999999966667,114.16666666633333,QPC
795,10,114.56666666666666,114.933333333,JZO
796,10,115.43333333300001,117.48333333366665,QPC
797,10,119.21666666666665,119.43333333333334,QMR
798,10,121.08333333366666,128.03333333366666,QPC
799,10,129.7,129.88333333333335,QMR
800,10,131.66666666700002,131.916666667,QPC
801,10,133.7,133.90000000000003,QMR
802,10,135.68333333366667,135.95000000033332,QPC
803,10,137.7,137.91666666666669,QMR
804,10,139.63333333366668,143.40000000033334,QPC
805,10,144.63333333300002,144.9,KSQ
806,10,145.766666667,152.2499999996667,PFK
807,10,152.933333333,153.16666666666669,DTV
808,10,153.88333333366668,154.28333333300003,PFK
809,10,154.9,155.16666666666669,DTV
810,10,155.88333333366668,156.23333333300002,PFK
811,10,156.85000000000002,157.15,DTV
812,10,157.80000000033334,158.21666666633334,PFK
813,10,158.9,159.18333333333334,DTV
814,10,159.78333333366666,160.2499999996667,PFK
815,10,160.91666666666669,161.21666666666667,DTV
816,10,161.93333333366667,168.0,PFK
817,11,0.0,5.816666667000001,YVF
818,11,6.016666667,6.5499999996666665,CWM
819,11,7.466666666666667,7.6000000000000005,OOK
820,11,8.66666666633306,9.000000000333332,FSL
821,11,10.01666666633333,10.149999999666669,OOK
822,11,11.033333333666667,11.383333333000001,CWM
823,11,12.516666666666667,12.649999999999999,OOK
824,11,13.649999999666392,13.95000000033334,FSL
825,11,14.933333332999998,15.083333332999995,OOK
826,11,16.16666666700001,16.566666666333326,CWM
827,11,17.533333333333335,17.599999999999998,OOK
828,11,18.533333332999725,18.95000000033334,FSL
829,11,19.983333332999997,20.11666666633333,OOK
830,11,20.699999999666666,20.983333333333334,YVF
831,11,21.533333333333335,21.616666666666664,OOK
832,11,22.499999999666393,23.00000000033334,FSL
833,11,23.999999999666663,24.11666666633333,OOK
834,11,24.71666666633333,29.81666666633333,YVF
835,11,30.516666666666666,30.633333333333333,OOK
836,11,31.59999999966639,31.95000000033334,FSL
837,11,32.966666666333325,33.14999999966666,OOK
838,11,34.13333333366667,34.43333333299999,CWM
839,11,35.516666666666666,35.633333333333326,OOK
840,11,36.63333333299972,37.050000000333334,FSL
841,11,37.94999999966666,38.11666666633332,OOK
842,11,39.10000000033334,39.38333333299999,CWM
843,11,40.46666666666666,40.61666666666666,OOK
844,11,41.583333332999715,41.950000000333326,FSL
845,11,43.01666666633332,43.11666666633333,OOK
846,11,44.183333333666674,53.96666666633334,CWM
847,11,55.0,55.11666666666666,OOK
848,11,56.04999999966667,56.43333333366666,FSL
849,11,57.49999999966667,57.583333332999715,OOK
850,11,58.68333333366666,58.96666666633334,CWM
851,11,60.0,60.166666666666664,OOK
852,11,61.11666666633333,61.56666666699999,FSL
853,11,62.516666666333336,62.583333332999715,OOK
854,11,63.58333333366666,64.01666666633334,CWM
855,11,65.03333333333333,65.14999999999999,OOK
856,11,66.16666666633333,66.50000000033333,FSL
857,11,67.46666666633334,67.63333333299971,OOK
858,11,68.26666666633334,77.96666666699998,YVF
859,11,78.13333333366666,78.46666666633334,CWM
860,11,79.48333333333333,79.6,OOK
861,11,80.59999999966638,80.966666667,FSL
862,11,81.94999999966667,82.14999999966666,OOK
863,11,83.20000000033332,83.38333333300001,CWM
864,11,84.48333333333333,84.66666666666666,OOK
865,11,85.54999999966638,85.98333333366666,FSL
866,11,87.01666666633334,87.14999999966666,OOK
867,11,88.18333333366665,88.46666666633334,CWM
868,11,89.53333333333333,89.6,OOK
869,11,90.66666666633304,90.916666667,FSL
870,11,91.94999999966667,92.09999999966666,OOK
871,11,92.71666666633334,92.96666666666665,YVF
872,11,93.53333333333333,93.64999999999999,OOK
873,11,94.58333333299971,95.05000000033333,FSL
874,11,95.96666666633334,96.083333333,OOK
875,11,96.71666666633334,101.84999999966666,YVF
876,11,102.46666666666667,102.66666666666666,OOK
877,11,103.64999999966638,103.916666667,FSL
878,11,104.933333333,105.083333333,OOK
879,11,106.016666667,106.533333333,CWM
880,11,107.48333333333333,107.63333333333334,OOK
881,11,108.49999999966639,109.05000000033333,FSL
882,11,109.96666666633332,110.14999999966666,OOK
883,11,111.06666666699999,111.483333333,CWM
884,11,111.74999999966666,111.86666666633333,YVF
885,11,112.51666666666667,112.61666666666667,OOK
886,11,113.53333333299972,114.00000000033333,FSL
887,11,114.99999999966666,115.133333333,OOK
888,11,116.05000000033333,127.41666666633334,CWM
889,11,128.45000000000002,128.6166666666667,OOK
890,11,129.66666666633304,129.95000000033335,FSL
891,11,130.983333333,131.083333333,OOK
892,11,132.03333333366666,132.54999999966668,CWM
893,11,132.69999999966666,132.91666666633336,YVF
894,11,133.48333333333335,133.65000000000003,OOK
895,11,134.54999999966637,134.91666666700002,FSL
896,11,135.933333333,136.16666666633336,OOK
897,11,137.15000000033334,137.46666666633334,CWM
898,11,138.51666666666668,138.68333333333337,OOK
899,11,139.6333333329997,140.0333333336667,FSL
900,11,140.99999999966667,141.14999999966668,OOK
901,11,141.76666666633332,141.95000000000002,YVF
902,11,142.46666666666667,142.6166666666667,OOK
903,11,143.4833333329997,143.91666666700002,FSL
904,11,144.933333333,151.61666666633303,OOK
905,11,152.516666667,152.98333333300002,CWM
906,11,153.96666666666667,154.1166666666667,OOK
907,11,155.01666666633335,155.41666666700002,FSL
908,11,156.433333333,156.5833333329997,OOK
909,11,157.66666666700002,158.01666666633335,CWM
910,11,159.03333333333333,159.1166666666667,OOK
911,11,160.01666666633335,160.516666667,FSL
912,11,161.44999999966666,161.64999999966636,OOK
913,11,162.66666666700002,163.04999999966668,CWM
914,11,164.01666666666668,164.18333333333337,OOK
915,11,165.14999999966668,165.516666667,FSL
916,11,166.583333333,167.10000000000002,OOK
917,12,0.0,5.833333333666667,YVF
918,12,6.150000000333333,6.449999999666667,CWM
919,12,7.45,7.633333333333334,OOK
920,12,8.649999999666392,8.916666667,FSL
921,12,10.01666666633333,10.133333333000003,OOK
922,12,11.200000000333334,11.516666666333334,CWM
923,12,12.450000000000001,12.649999999999999,OOK
924,12,13.583333332999725,14.10000000033334,FSL
925,12,14.983333332999997,15.083333332999995,OOK
926,12,16.20000000033334,16.54999999966666,CWM
927,12,17.5,17.616666666666664,OOK
928,12,18.533333332999725,18.933333333666674,FSL
929,12,19.96666666633333,20.09999999966666,OOK
930,12,20.766666666333332,20.900000000000002,YVF
931,12,21.45,21.633333333333333,OOK
932,12,22.666666666333057,23.10000000033334,FSL
933,12,23.96666666633333,24.166666666333327,OOK
934,12,24.683333332999997,29.79999999966666,YVF
935,12,30.533333333333335,30.666666666666664,OOK
936,12,31.64999999966639,32.016666667,FSL
937,12,33.01666666633333,33.14999999966666,OOK
938,12,34.08333333366667,34.44999999966666,CWM
939,12,35.53333333333333,35.61666666666666,OOK
940,12,36.499999999666386,37.050000000333334,FSL
941,12,37.93333333299999,38.09999999966666,OOK
942,12,39.08333333366667,39.43333333299999,CWM
943,12,40.53333333333333,40.61666666666666,OOK
944,12,41.516666666333045,42.10000000033333,FSL
945,12,42.96666666633332,43.099999999666665,OOK
946,12,44.116666667000004,53.96666666633334,CWM
947,12,55.016666666666666,55.11666666666666,OOK
948,12,56.083333333,56.583333333666666,FSL
949,12,57.516666666333336,57.66666666633305,OOK
950,12,58.65000000033332,58.99999999966667,CWM
951,12,60.0,60.166666666666664,OOK
952,12,61.166666666333334,61.416666666999994,FSL
953,12,62.433333333,62.63333333299971,OOK
954,12,63.700000000333326,63.93333333300001,CWM
955,12,65.01666666666667,65.13333333333333,OOK
956,12,66.033333333,66.516666667,FSL
957,12,67.49999999966667,67.64999999966638,OOK
958,12,68.19999999966667,77.96666666699998,YVF
959,12,78.13333333366666,78.41666666633334,CWM
960,12,79.45,79.6,OOK
961,12,80.49999999966639,80.93333333366667,FSL
962,12,81.99999999966667,82.09999999966666,OOK
963,12,83.10000000033332,83.41666666633334,CWM
964,12,84.53333333333333,84.6,OOK
965,12,85.48333333299972,85.916666667,FSL
966,12,86.94999999966667,87.16666666633333,OOK
967,12,88.18333333366665,88.54999999966667,CWM
968,12,89.45,89.68333333333332,OOK
969,12,90.49999999966639,91.10000000033332,FSL
970,12,91.93333333300001,92.083333333,OOK
971,12,92.74999999966667,92.93333333333332,YVF
972,12,93.46666666666667,93.66666666666666,OOK
973,12,94.64999999966638,94.93333333366667,FSL
974,12,96.01666666633334,96.133333333,OOK
975,12,96.69999999966667,101.783333333,YVF
976,12,102.46666666666667,102.61666666666666,OOK
977,12,103.49999999966639,103.916666667,FSL
978,12,104.933333333,105.16666666633333,OOK
979,12,106.03333333366666,106.54999999966667,CWM
980,12,107.61666666666666,110.56666666666668,OOK
981,12,111.59999999966638,111.93333333366667,FSL
982,12,112.94999999966666,113.083333333,OOK
983,12,114.18333333366665,114.43333333300001,CWM
984,12,115.48333333333333,115.63333333333334,OOK
985,12,116.56666666633305,117.016666667,FSL
986,12,117.33333333333333,117.46666666699998,OAZ
987,12,117.91666666633333,144.04999999966668,HZX
988,12,144.3166666666667,144.616666667,OAZ
989,12,145.16666666633336,151.00000000033333,FSL
990,12,151.38333333333333,152.266666667,OAZ
991,12,152.61666666633303,153.0333333336667,FSL
992,12,153.99999999966667,154.65000000000003,OOK
993,12,155.66666666633304,155.91666666700002,FSL
994,12,157.033333333,157.50000000000003,OOK
995,12,158.5833333329997,159.05000000033334,FSL
996,12,159.94999999966666,160.58333333333334,OOK
997,12,161.59999999966638,162.10000000033335,FSL
998,12,162.933333333,163.14999999966668,OOK
999,12,164.16666666700002,168.0,CWM
1000,13,0.0,29.049999999999997,FSU
1001,13,29.81666666633333,29.883333333,NCF
1002,13,30.23333333366667,30.433333333333337,ESU
1003,13,30.91666666666667,31.15,BXK
1004,13,31.599999999999998,31.88333333366667,ESU
1005,13,32.11666666666666,32.41666666633333,NCF
1006,13,32.666666667,32.9,ESU
1007,13,33.43333333333333,33.64999999999999,BXK
1008,13,34.099999999999994,34.366666667,ESU
1009,13,34.68333333333333,34.89999999966666,NCF
1010,13,35.216666667000005,35.46666666666667,ESU
1011,13,35.93333333333333,36.166666666666664,BXK
1012,13,36.633333333333326,36.88333333366667,ESU
1013,13,37.11666666666666,37.41666666633333,NCF
1014,13,37.68333333366667,37.983333333333334,ESU
1015,13,38.416666666666664,38.64999999999999,BXK
1016,13,39.11666666666666,39.316666667,ESU
1017,13,39.68333333333333,39.883333332999996,NCF
1018,13,40.216666667,40.48333333333333,ESU
1019,13,40.96666666666667,41.099999999999994,BXK
1020,13,41.76666666666667,53.233333333333334,ESU
1021,13,53.416666666333334,53.66666666699999,ITU
1022,13,54.55,54.75,OOK
1023,13,54.93333333300001,55.099999999999994,UGZ
1024,13,55.33333333333333,55.516666666999996,OOK
1025,13,56.45,56.75000000033332,ITU
1026,13,57.49999999999999,58.00000000033333,OOK
1027,13,58.416666667,77.36666666666666,ESU
1028,13,77.93333333333334,78.14999999999999,BXK
1029,13,78.66666666666667,78.88333333366666,ESU
1030,13,79.11666666666667,79.433333333,NCF
1031,13,79.75000000033333,79.91666666666666,ESU
1032,13,80.45,80.61666666666666,BXK
1033,13,81.23333333333333,93.69999999999999,ESU
1034,13,94.18333333333332,94.56666666699999,OOK
1035,13,95.48333333333333,95.66666666699999,ITU
1036,13,96.53333333333333,96.81666666666666,OOK
1037,13,97.18333333333334,101.30000000033333,ESU
1038,13,101.65000000033334,102.03333333366666,OOK
1039,13,102.98333333333333,103.23333333366665,ITU
1040,13,104.08333333333334,104.24999999999999,OOK
1041,13,104.433333333,104.58333333333333,UGZ
1042,13,104.76666666666668,105.06666666699999,OOK
1043,13,105.48333333366665,127.40000000033334,ESU
1044,13,127.63333333333334,127.94999999966667,NCF
1045,13,128.18333333366667,128.41666666666669,ESU
1046,13,128.93333333333334,129.15000000000003,BXK
1047,13,129.68333333333334,129.90000000033336,ESU
1048,13,130.11666666666667,130.4499999996667,NCF
1049,13,130.68333333366667,130.93333333333334,ESU
1050,13,131.43333333333334,131.68333333333337,BXK
1051,13,132.16666666666669,132.3333333336667,ESU
1052,13,132.68333333333334,132.8999999996667,NCF
1053,13,133.18333333366667,133.48333333333335,ESU
1054,13,133.93333333333334,134.16666666666669,BXK
1055,13,134.66666666666669,134.85000000033335,ESU
1056,13,135.11666666666667,135.3999999996667,NCF
1057,13,135.70000000033335,135.91666666666669,ESU
1058,13,136.43333333333334,136.68333333333337,BXK
1059,13,137.10000000000002,137.3333333336667,ESU
1060,13,137.68333333333334,137.88333333300002,NCF
1061,13,138.18333333366667,138.45000000000002,ESU
1062,13,138.91666666666666,139.1166666666667,BXK
1063,13,139.63333333333335,139.90000000033336,ESU
1064,13,140.13333333333335,140.41666666700002,NCF
1065,13,141.40000000033334,141.6166666666667,BXK
1066,13,142.10000000000002,142.40000000033336,ESU
1067,13,142.60000000000002,142.91666666633336,NCF
1068,13,143.18333333366667,143.45000000000002,ESU
1069,13,144.01666666666668,144.50000000000003,BXK
1070,13,145.05,152.13333333300002,ESU
1071,13,152.45,152.75000000033336,ITU
1072,13,153.5333333329997,154.05000000033334,OOK
1073,13,154.53333333366666,155.61666666666667,ESU
1074,13,156.1166666666667,156.41666666700002,OOK
1075,13,157.41666666666666,157.70000000033335,ITU
1076,13,158.6333333329997,159.10000000033335,OOK
1077,13,159.466666667,160.55,ESU
1078,13,161.18333333333337,161.466666667,OOK
1079,13,162.45,162.75000000033336,ITU
1080,13,163.65000000000003,164.06666666700002,OOK
1081,13,164.55000000033334,167.98333333300002,ESU
1082,14,0.0,6.766666666666665,DBD
1083,14,10.183333333,10.383333333666668,DZE
1084,14,13.983333333666671,14.283333333333333,DBD
1085,14,17.716666666333328,17.95000000033334,DZE
1086,14,18.983333333333334,24.033333332999995,ESU
1087,14,24.233333332999997,29.89999999966666,NCF
1088,14,30.10000000033334,31.266666666666666,ESU
1089,14,32.13333333299999,32.416666667,DZE
1090,14,35.916666667,36.18333333333333,DBD
1091,14,39.66666666633332,39.95000000033334,DZE
1092,14,43.50000000033334,43.61666666666667,DBD
1093,14,47.06666666699999,53.516666666999996,FSU
1094,14,56.93333333300001,57.25000000033332,HJO
1095,14,60.63333333333333,61.13333333366666,FSU
1096,14,61.99999999966666,62.20000000033332,ESU
1097,14,64.43333333300001,64.68333333366665,HJO
1098,14,66.9,67.0,ESU
1099,14,68.1,68.56666666699999,FSU
1100,14,71.95000000033332,78.76666666666667,DBD
1101,14,82.21666666633334,82.38333333366666,DZE
1102,14,85.98333333366665,86.18333333333334,DBD
1103,14,89.63333333300001,89.91666666699999,DZE
1104,14,90.91666666666666,95.89999999966668,ESU
1105,14,96.18333333300001,101.79999999966667,NCF
1106,14,102.13333333333333,102.5,ESU
1107,14,103.50000000033333,104.15000000033334,FSU
1108,14,107.05000000000001,107.53333333333332,CKM
1109,14,110.53333333333333,110.98333333366668,FSU
1110,14,112.04999999966667,112.216666667,ESU
1111,14,114.15000000033332,129.95,CKM
1112,14,133.13333333333335,133.5833333336667,FSU
1113,14,136.63333333333335,136.9,CKM
1114,14,138.93333333333334,139.03333333333333,ESU
1115,14,140.08333333333334,153.55000000033334,FSU
1116,14,156.60000000000002,157.08333333333334,CKM
1117,14,160.0666666666667,160.516666667,FSU
1118,14,163.66666666666669,165.48333333333335,CKM
1119,14,165.933333333,168.0,DDX
1120,15,0.0,6.600000000333332,FSU
1121,15,9.516666666666664,10.083333333333337,CKM
1122,15,13.100000000000001,13.550000000333336,FSU
1123,15,16.999999999666663,17.066666667000003,HJO
1124,15,17.383333333333333,17.53333333333334,CKM
1125,15,19.466666667000002,29.166666667000005,ESU
1126,15,29.749999999999996,29.999999999999996,QZI
1127,15,32.13333333299999,32.266666667,XSG
1128,15,32.43333333299999,32.65,ONU
1129,15,32.816666667,32.93333333333333,XSG
1130,15,35.10000000033334,36.666666666666664,QZI
1131,15,38.66666666633332,38.766666667,XSG
1132,15,38.949999999666666,39.133333333333326,ONU
1133,15,39.316666667,39.349999999999994,XSG
1134,15,41.43333333366666,41.633333333333326,QZI
1135,15,43.716666666333325,43.766666666999996,XSG
1136,15,43.93333333299999,44.18333333366667,ONU
1137,15,44.31666666699999,44.36666666666666,XSG
1138,15,46.466666667,46.64999999999999,QZI
1139,15,47.18333333300001,47.566666666333326,ESU
1140,15,48.93333333333333,53.88333333366666,FSU
1141,15,54.26666666666667,54.43333333300001,ULM
1142,15,54.68333333300001,54.950000000333326,DZE
1143,15,58.45000000033332,58.78333333333334,DBD
1144,15,62.14999999966667,62.383333333666656,DZE
1145,15,65.90000000033332,66.26666666666667,DBD
1146,15,69.79999999966667,78.36666666699999,DZE
1147,15,81.93333333366665,82.16666666666667,DBD
1148,15,85.69999999966667,85.95000000033332,DZE
1149,15,89.35000000033332,89.71666666666667,DBD
1150,15,93.21666666633334,102.31666666699999,DZE
1151,15,105.88333333366667,106.28333333333333,DBD
1152,15,109.68333333300001,109.95000000033332,DZE
1153,15,113.38333333366667,113.7,DBD
1154,15,117.29999999966667,127.80000000033333,DZE
1155,15,131.4333333336667,131.60000000000002,DBD
1156,15,135.21666666633334,135.40000000033334,DZE
1157,15,138.90000000033334,139.15,DBD
1158,15,142.63333333366668,143.0333333336667,FSU
1159,15,144.06666666633333,144.51666666666668,ESU
1160,15,145.3166666666667,146.966666667,PFK
1161,15,147.18333333366667,147.31666666700002,CZZ
1162,15,147.45000000033335,150.10000000000002,UIG
1163,15,150.33333333333334,150.75000000033333,CZZ
1164,15,150.95000000033335,151.64999999966668,PFK
1165,15,153.48333333300002,154.016666667,WOU
1166,15,156.433333333,156.63333333300002,CWM
1167,15,156.833333333,157.016666667,YVF
1168,15,157.216666667,157.38333333366668,CWM
1169,15,158.46666666633334,158.56666666700002,XSG
1170,15,158.6999999996667,158.86666666666667,ONU
1171,15,159.016666667,159.08333333333334,XSG
1172,15,160.26666666633332,160.38333333300002,CWM
1173,15,160.5833333329997,160.83333333366667,YVF
1174,15,160.98333333300002,161.06666666700002,CWM
1175,15,163.54999999966668,164.016666667,WOU
1176,15,166.44999999966666,166.63333333300002,CWM
1177,15,166.833333333,168.0,YVF
1178,16,0.0,0.43333333366666643,ESU
1179,16,0.9833333336666686,7.066666666666667,QZI
1180,16,9.199999999666668,9.266666666999999,XSG
1181,16,9.383333333,9.666666666666666,ONU
1182,16,9.816666667000003,9.866666666666665,XSG
1183,16,11.933333333666665,12.116666666666665,QZI
1184,16,14.183333332999993,14.266666667000006,XSG
1185,16,14.416666666333333,14.616666666666665,ONU
1186,16,14.73333333366667,14.899999999999999,XSG
1187,16,16.98333333366667,17.116666666666664,QZI
1188,16,19.19999999966666,19.266666667000006,XSG
1189,16,19.46666666633333,19.666666666666664,ONU
1190,16,19.816666667000003,19.849999999999998,XSG
1191,16,22.00000000033334,22.166666666666664,QZI
1192,16,22.79999999966666,23.599999999666665,ESU
1193,16,24.950000000000003,30.08333333366667,FSU
1194,16,33.18333333333333,39.95,CKM
1195,16,43.08333333333333,53.98333333366666,FSU
1196,16,57.18333333333333,64.01666666666667,CKM
1197,16,67.11666666666666,67.48333333366666,FSU
1198,16,70.95000000033332,71.11666666666667,DBD
1199,16,72.10000000033332,72.283333333,KSQ
1200,16,72.46666666699998,77.34999999966668,ENY
1201,16,77.50000000033333,78.13333333366666,KSQ
1202,16,81.19999999966667,81.45000000033332,YBZ
1203,16,84.366666667,84.66666666699999,KSQ
1204,16,87.69999999966667,87.85000000033332,YBZ
1205,16,88.93333333333334,89.11666666699999,HZX
1206,16,90.88333333366667,91.16666666699999,KSQ
1207,16,92.94999999966667,93.21666666666665,HZX
1208,16,94.233333333,94.50000000033332,YBZ
1209,16,97.366666667,98.33333333366666,KSQ
1210,16,98.51666666633334,101.783333333,CGS
1211,16,101.98333333333332,102.483333333,KSQ
1212,16,103.43333333366665,103.76666666666667,DBD
1213,16,107.16666666633334,107.41666666699999,DZE
1214,16,110.90000000033334,111.2,DBD
1215,16,114.68333333300001,114.95000000033332,DZE
1216,16,115.81666666666666,127.05000000033333,ESU
1217,16,129.48333333366668,129.68333333333334,DBD
1218,16,133.21666666633334,133.45000000033335,DZE
1219,16,136.81666666700002,137.10000000000002,DBD
1220,16,140.6999999996667,140.866666667,DZE
1221,16,141.18333333366667,141.71666666633337,ULM
1222,16,141.93333333333334,168.0,FSU
1223,17,0.0,6.033333333666667,PAF
1224,17,6.699999999666667,6.933333332999998,CYM
1225,17,9.616666666666665,9.933333333333337,HZX
1226,17,12.633333332999994,12.899999999666667,CYM
1227,17,15.683333333333332,16.000000000000004,HZX
1228,17,18.716666666333328,18.899999999666665,CYM
1229,17,21.583333333333332,21.91666666666667,HZX
1230,17,24.79999999966666,30.866666666333334,CYM
1231,17,33.58333333333333,38.516666666666666,HZX
1232,17,41.19999999966666,41.449999999666666,CYM
1233,17,44.05,54.96666666666667,HZX
1234,17,57.733333333000004,63.86666666633333,CYM
1235,17,66.6,78.46666666666667,HZX
1236,17,81.19999999966667,81.383333333,CYM
1237,17,84.06666666666666,84.46666666666667,HZX
1238,17,87.16666666633334,87.433333333,CYM
1239,17,90.1,90.48333333333333,HZX
1240,17,93.19999999966667,93.41666666633333,CYM
1241,17,96.13333333333333,108.48333333333332,HZX
1242,17,111.14999999966668,111.46666666633334,CYM
1243,17,114.11666666666667,114.41666666666666,HZX
1244,17,117.21666666633334,156.283333333,CYM
1245,17,157.96666666633334,158.68333333333337,PFX
1246,17,161.23333333366668,161.78333333333336,ZUD
1247,17,164.53333333300003,165.16666666666669,PFX
1248,17,167.78333333300003,168.0,DOG
1249,18,0.0,7.216666666999999,CXD
1250,18,9.383333333000003,9.466666667000002,XSG
1251,18,9.683333333333332,9.96666666666667,ONU
1252,18,10.116666667,10.200000000000003,XSG
1253,18,10.983333333666666,11.183333333666667,TFY
1254,18,11.833333333000004,11.966666666999995,XSG
1255,18,12.149999999999999,12.433333333333337,ONU
1256,18,12.616666667000008,12.650000000000002,XSG
1257,18,13.900000000000004,14.05,EZW
1258,18,14.733333332999997,15.33333333366667,CXD
1259,18,16.016666666666666,16.18333333333333,EZW
1260,18,17.333333332999995,17.466666667000002,XSG
1261,18,17.666666666666664,17.96666666666667,ONU
1262,18,18.116666667000008,18.21666666666667,XSG
1263,18,18.966666667000005,19.116666667000008,TFY
1264,18,19.249999999666663,19.349999999666665,CZZ
1265,18,19.566666666333326,30.06666666633333,UIG
1266,18,30.21666666633333,30.350000000333342,CZZ
1267,18,30.433333332999997,30.683333333666674,TFY
1268,18,30.933333333333334,31.05,PFK
1269,18,31.616666667000004,31.833333332999995,PFX
1270,18,32.53333333333333,32.733333333333334,PFK
1271,18,33.516666666666666,34.666666666666664,EZW
1272,18,35.36666666666666,35.55,PFK
1273,18,36.150000000333335,36.283333332999995,PFX
1274,18,36.38333333366667,39.63333333299999,GZU
1275,18,39.816666667,39.98333333299999,PFX
1276,18,40.449999999999996,40.73333333333333,PFK
1277,18,41.4,46.350000000333324,EZW
1278,18,46.516666666333045,55.24999999966667,VPQ
1279,18,55.68333333333332,55.93333333333333,EZW
1280,18,56.98333333333333,57.20000000033332,KSQ
1281,18,57.450000000333326,58.083333333,GAA
1282,18,58.333333333000006,58.58333333333333,KSQ
1283,18,59.01666666699999,59.983333333000004,CZZ
1284,18,60.516666666666666,60.75000000033332,KSQ
1285,18,61.06666666699999,61.48333333299971,GAA
1286,18,61.88333333300001,62.11666666666667,KSQ
1287,18,63.28333333333333,64.75,EZW
1288,18,65.95,66.21666666699998,KSQ
1289,18,66.56666666699999,67.16666666633333,GAA
1290,18,67.38333333300001,67.6,KSQ
1291,18,68.03333333366666,68.233333333,CZZ
1292,18,68.46666666633332,68.583333333,UIG
1293,18,68.74999999966667,69.033333333,CZZ
1294,18,69.53333333333333,69.68333333366665,KSQ
1295,18,70.03333333366666,70.58333333299971,GAA
1296,18,70.96666666633334,71.08333333366666,KSQ
1297,18,71.43333333366667,72.14999999966666,GAA
1298,18,72.38333333300001,72.58333333366666,KSQ
1299,18,72.84999999966668,72.983333333,VZD
1300,18,73.11666666633333,78.4,ONU
1301,18,78.56666666699999,78.64999999999999,XSG
1302,18,80.716666667,81.38333333366666,CXD
1303,18,83.41666666633334,83.466666667,XSG
1304,18,83.6,83.9,ONU
1305,18,84.03333333366666,84.14999999999999,XSG
1306,18,84.93333333366667,85.16666666699999,TFY
1307,18,85.83333333300001,85.966666667,XSG
1308,18,86.13333333333333,86.48333333333333,ONU
1309,18,86.61666666699999,86.71666666666665,XSG
1310,18,87.91666666666667,88.1,EZW
1311,18,88.90000000033332,89.40000000033332,CXD
1312,18,91.34999999966668,91.466666667,XSG
1313,18,91.6,91.93333333333334,ONU
1314,18,92.11666666699999,92.23333333333332,XSG
1315,18,93.00000000033333,93.20000000033332,TFY
1316,18,93.84999999966668,93.966666667,XSG
1317,18,94.18333333333332,102.9,ONU
1318,18,103.05000000033333,103.23333333333332,XSG
1319,18,103.98333333366666,104.20000000033332,TFY
1320,18,104.883333333,104.96666666699998,XSG
1321,18,105.15,110.48333333333332,ONU
1322,18,110.61666666699999,110.68333333333332,XSG
1323,18,111.89999999999999,118.45000000033332,EZW
1324,18,118.58333333299971,127.64999999999999,VPQ
1325,18,127.85000000000001,131.50000000000003,EZW
1326,18,132.43333333333334,132.63333333333335,PFK
1327,18,133.21666666700003,133.34999999966666,PFX
1328,18,134.0,134.18333333333334,PFK
1329,18,134.43333333333334,134.70000000033335,TFY
1330,18,134.91666666666669,135.0666666666667,PFK
1331,18,135.6833333336667,135.98333333300002,PFX
1332,18,136.45000000000002,136.68333333333334,PFK
1333,18,137.48333333333332,139.83333333366667,SBI
1334,18,140.11666666633334,168.0,VPQ
1335,19,0.0,5.899999999666665,CYM
1336,19,6.699999999999999,6.933333333333334,PFK
1337,19,7.383333333666668,7.649999999666665,QPC
1338,19,8.150000000000004,8.383333333333331,PFK
1339,19,9.283333333666668,16.816666666333333,CYM
1340,19,19.666666666666664,29.783333332999998,HZX
1341,19,29.966666667000005,30.183333333,OAZ
1342,19,30.433333332999993,30.633333333333333,FSL
1343,19,30.933333333666667,31.166666666333334,OAZ
1344,19,31.416666666333327,31.633333333333333,FSL
1345,19,31.866666667,32.199999999666666,OAZ
1346,19,32.466666666333325,32.68333333333333,FSL
1347,19,32.93333333366667,33.16666666633333,OAZ
1348,19,33.44999999966666,33.68333333333333,FSL
1349,19,33.866666667,34.14999999966666,OAZ
1350,19,34.44999999966666,34.633333333333326,FSL
1351,19,34.93333333366667,35.18333333299999,OAZ
1352,19,35.399999999666655,35.64999999999999,FSL
1353,19,35.916666667,36.21666666633333,OAZ
1354,19,36.43333333299999,36.666666666666664,FSL
1355,19,36.88333333366666,37.18333333299999,OAZ
1356,19,37.41666666633332,37.68333333333333,FSL
1357,19,37.866666667,38.16666666633333,OAZ
1358,19,38.41666666633332,38.633333333333326,FSL
1359,19,38.916666667,39.14999999966666,OAZ
1360,19,39.44999999966666,39.599999999999994,FSL
1361,19,39.90000000033333,40.14999999966666,OAZ
1362,19,40.44999999966666,40.61666666666666,FSL
1363,19,40.90000000033333,41.199999999666666,OAZ
1364,19,41.466666666333325,41.64999999999999,FSL
1365,19,41.90000000033333,42.199999999666666,OAZ
1366,19,42.38333333299999,42.666666666666664,FSL
1367,19,42.93333333366667,43.18333333299999,OAZ
1368,19,43.43333333299999,43.61666666666666,FSL
1369,19,43.95000000033333,44.14999999966666,OAZ
1370,19,44.44999999966667,45.016666666999996,FSL
1371,19,45.316666666999986,53.84999999966667,HZX
1372,19,54.016666666999996,54.18333333299999,OAZ
1373,19,54.43333333300001,54.68333333333333,FSL
1374,19,54.88333333366666,55.16666666633333,OAZ
1375,19,55.44999999966667,55.599999999999994,FSL
1376,19,55.916666667,56.18333333299999,OAZ
1377,19,56.44999999966667,56.599999999999994,FSL
1378,19,56.93333333366667,57.16666666633333,OAZ
1379,19,57.383333333,57.61666666666666,FSL
1380,19,57.916666667,58.199999999666666,OAZ
1381,19,58.44999999966667,58.633333333333326,FSL
1382,19,58.93333333366667,59.16666666633333,OAZ
1383,19,59.43333333300001,59.666666666666664,FSL
1384,19,59.93333333366667,60.14999999966666,OAZ
1385,19,60.39999999966667,60.61666666666666,FSL
1386,19,60.88333333366666,61.133333332999996,OAZ
1387,19,61.39999999966667,61.68333333333333,FSL
1388,19,61.90000000033333,62.16666666633333,OAZ
1389,19,62.44999999966667,62.666666666666664,FSL
1390,19,62.90000000033333,63.18333333299999,OAZ
1391,19,63.44999999966667,63.61666666666666,FSL
1392,19,63.88333333366666,64.133333333,OAZ
1393,19,64.43333333300001,64.63333333333333,FSL
1394,19,64.866666667,65.16666666633333,OAZ
1395,19,65.46666666633334,65.64999999999999,FSL
1396,19,65.866666667,66.14999999966666,OAZ
1397,19,66.41666666633334,66.66666666666666,FSL
1398,19,66.866666667,67.16666666633333,OAZ
1399,19,67.41666666633334,67.66666666666666,FSL
1400,19,67.93333333366667,68.133333333,OAZ
1401,19,68.39999999966668,68.866666667,FSL
1402,19,69.36666666699999,78.05,HZX
1403,19,80.68333333300001,80.94999999966666,CYM
1404,19,83.64999999999999,83.95,HZX
1405,19,86.66666666633334,86.91666666633333,CYM
1406,19,89.6,89.91666666666667,HZX
1407,19,92.74999999966667,107.0,CYM
1408,19,108.15,108.36666666633333,ZUD
1409,19,109.56666666666668,109.85000000000001,CYM
1410,19,111.08333333333334,111.383333333,ZUD
1411,19,112.53333333333335,151.88333333300002,CYM
1412,19,152.65,152.85000000000002,PFK
1413,19,153.366666667,153.63333333300002,QPC
1414,19,154.21666666666667,154.38333333333335,PFK
1415,19,155.20000000033332,155.40000000000003,CYM
1416,19,156.29999999966668,156.73333333366668,DOG
1417,19,158.71666666666667,158.93333333333337,PFK
1418,19,159.416666667,159.63333333300002,QPC
1419,19,160.23333333333332,160.35000000000002,PFK
1420,19,161.15000000033334,161.38333333333335,CYM
1421,19,162.333333333,162.766666667,DOG
1422,19,164.73333333333332,164.85000000000002,PFK
1423,19,165.45000000033332,165.6999999996667,QPC
1424,19,166.2,166.3666666666667,PFK
1425,19,167.166666667,167.35000000000002,CYM
1426,20,0.0,0.5166666663330579,GAA
1427,20,0.8666666663333329,1.0666666669999991,KSQ
1428,20,1.2166666666666652,5.783333333333333,ENY
1429,20,5.949999999666666,6.100000000333334,KSQ
1430,20,6.416666667000002,7.049999999666665,GAA
1431,20,7.366666666333333,7.55,KSQ
1432,20,8.71666666666667,8.849999999999998,EZW
1433,20,9.950000000000001,10.20000000033333,KSQ
1434,20,10.483333333666666,10.783333333333333,GAA
1435,20,11.183333333333332,15.04999999966666,NYX
1436,20,15.41666666666667,15.983333332999996,GAA
1437,20,16.333333332999995,16.566666666666666,KSQ
1438,20,17.850000000333342,18.249999999999996,EZW
1439,20,19.46666666666667,19.750000000333337,KSQ
1440,20,20.10000000033334,20.54999999966639,GAA
1441,20,20.89999999966666,21.116666666666667,KSQ
1442,20,21.633333333666673,22.04999999966666,CZZ
1443,20,22.45,22.716666667000005,KSQ
1444,20,23.00000000033334,23.56666666633306,GAA
1445,20,23.86666666633333,24.066666667000003,KSQ
1446,20,24.25,29.383333332999992,ENY
1447,20,29.600000000333342,30.066666666666666,KSQ
1448,20,30.616666667000008,30.916666666333327,CZZ
1449,20,31.5,31.68333333366667,KSQ
1450,20,31.95000000033334,32.64999999966639,GAA
1451,20,32.83333333299999,33.066666667,KSQ
1452,20,33.24999999999999,40.78333333333333,ENY
1453,20,40.93333333299999,41.11666666666666,KSQ
1454,20,41.566666667,41.899999999666655,CZZ
1455,20,42.04999999966665,43.04999999999999,UIG
1456,20,43.26666666666667,43.966666666333325,CZZ
1457,20,44.53333333333333,44.68333333366665,KSQ
1458,20,45.03333333366666,45.49999999966638,GAA
1459,20,45.88333333300001,46.05,KSQ
1460,20,46.68333333366666,46.89999999966667,CZZ
1461,20,47.5,47.70000000033332,KSQ
1462,20,48.00000000033333,48.53333333299972,GAA
1463,20,48.88333333300001,49.016666666999996,KSQ
1464,20,49.133333332999996,53.46666666633334,ENY
1465,20,53.65000000033332,53.98333333333333,KSQ
1466,20,54.600000000333324,54.93333333300001,CZZ
1467,20,55.53333333333333,55.66666666699999,KSQ
1468,20,55.950000000333326,56.66666666633305,GAA
1469,20,56.88333333300001,57.06666666699999,KSQ
1470,20,57.26666666666667,64.71666666666667,ENY
1471,20,64.88333333300001,65.11666666666666,KSQ
1472,20,65.63333333366666,65.93333333300001,CZZ
1473,20,66.083333333,67.48333333366666,UIG
1474,20,67.63333333366666,67.88333333300001,CZZ
1475,20,68.48333333333333,68.73333333366665,KSQ
1476,20,68.98333333366666,69.56666666633305,GAA
1477,20,69.84999999966668,70.08333333333333,KSQ
1478,20,70.63333333366666,70.89999999966668,CZZ
1479,20,71.48333333333333,71.71666666699998,KSQ
1480,20,72.03333333366666,72.49999999966639,GAA
1481,20,72.84999999966668,73.083333333,KSQ
1482,20,73.28333333366666,78.25,ENY
1483,20,78.46666666633334,78.75000000033332,KSQ
1484,20,78.966666667,79.61666666633305,GAA
1485,20,79.88333333300001,80.08333333333333,KSQ
1486,20,81.15,81.38333333333333,EZW
1487,20,82.46666666666667,82.70000000033332,KSQ
1488,20,83.016666667,83.54999999966638,GAA
1489,20,83.84999999966668,84.06666666666666,KSQ
1490,20,85.16666666666667,86.85,EZW
1491,20,87.98333333333333,88.21666666699998,KSQ
1492,20,88.45000000033333,88.983333333,GAA
1493,20,89.41666666633334,89.58333333333333,KSQ
1494,20,90.66666666666667,90.96666666633332,EZW
1495,20,91.083333333,102.78333333366666,VPQ
1496,20,103.18333333333332,103.33333333333333,EZW
1497,20,104.51666666666667,104.68333333366667,KSQ
1498,20,105.03333333366666,105.316666667,GAA
1499,20,105.86666666633333,112.44999999966667,NYX
1500,20,112.83333333333333,113.56666666633305,GAA
1501,20,113.883333333,114.05,KSQ
1502,20,115.19999999999999,115.38333333300001,EZW
1503,20,115.59999999966638,151.98333333366668,PAF
1504,20,154.15000000000003,154.43333333333334,HZX
1505,20,157.14999999966668,157.3999999996667,CYM
1506,20,160.13333333333335,160.45,HZX
1507,20,163.21666666633334,163.3999999996667,CYM
1508,20,166.05,166.5,HZX
